size,nc,KMN,NB,SNA,TKNC,TKNP,lsa,dsa
100%,0.9166666666666666,0.06541666666666666,0.35833333333333334,0.45,0.5333333333333333,14,0,0
