size,nc,KMN,NB,SNA,TKNC,TKNP,lsa,dsa
100%,0.8333333333333334,0.41725,0.4583333333333333,0.4166666666666667,0.8333333333333334,3,0,0
