size,lsa,dsa
100%,0.23673135766420542,0.28969808771894917
