size,nc,KMN,NB,SNA,TKNC,TKNP,lsa,dsa
100%,1.0,0.42641666666666667,0.375,0.5,0.9166666666666666,9,0,0
