size,lsa,dsa
100%,0.24645185456064175,0.021983182708527015
