size,nc,KMN,NB,SNA,TKNC,TKNP,lsa,dsa
100%,0.9516129032258065,0.246,0.3629032258064516,0.49193548387096775,0.5403225806451613,215,0,0
