size,nc,KMN,NB,SNA,TKNC,TKNP,lsa,dsa
100%,0.9354838709677419,0.0701774193548387,0.375,0.3709677419354839,0.41935483870967744,75,0,0
