size,lsa,dsa
100%,0.37546497455204436,0.3664500858259913
