size,nc,KMN,NB,SNA,TKNC,TKNP,lsa,dsa
100%,0.9484126984126984,0.26157142857142857,0.3492063492063492,0.45634920634920634,0.3968253968253968,169,0,0
