size,lsa,dsa
100%,0.20208597933648775,0.027879716944955855
