size,nc,KMN,NB,SNA,TKNC,TKNP,lsa,dsa
100%,0.9166666666666666,0.05241666666666667,0.4583333333333333,0.5,0.8333333333333334,5,0,0
