size,lsa,dsa
100%,0.03969995273784055,0.09306071476424693
