size,nc,KMN,NB,SNA,TKNC,TKNP,lsa,dsa
100%,0.9166666666666666,0.48775,0.25,0.16666666666666666,1.0,15,0,0
