size,nc,KMN,NB,SNA,TKNC,TKNP,lsa,dsa
100%,0.9666666666666667,0.2276,0.2833333333333333,0.26666666666666666,0.6666666666666666,47,0,0
