size,lsa,dsa
100%,0.23060350768971088,0.4101235773082981
