size,nc,KMN,NB,SNA,TKNC,TKNP,lsa,dsa
100%,0.8833333333333333,0.059166666666666666,0.38333333333333336,0.4166666666666667,0.55,14,0,0
