size,nc,KMN,NB,SNA,TKNC,TKNP,lsa,dsa
100%,1.0,0.39618333333333333,0.36666666666666664,0.5166666666666667,0.8666666666666667,239,0,0
