size,nc,KMN,NB,SNA,TKNC,TKNP,lsa,dsa
100%,0.9166666666666666,0.26325,0.375,0.4166666666666667,0.8333333333333334,2,0,0
