size,nc,KMN,NB,SNA,TKNC,TKNP,lsa,dsa
100%,0.9758064516129032,0.27098387096774196,0.3225806451612903,0.4435483870967742,0.6129032258064516,110,0,0
