size,lsa,dsa
100%,0.03207068421457029,0.10053718291226722
