size,nc,KMN,NB,SNA,TKNC,TKNP,lsa,dsa
100%,0.9841269841269841,0.4279880952380952,0.37896825396825395,0.4722222222222222,0.5396825396825397,1328,0,0
