size,lsa,dsa
100%,0.030523867615946786,0.2562304758018429
