size,nc,KMN,NB,SNA,TKNC,TKNP,lsa,dsa
100%,0.9603174603174603,0.4067579365079365,0.35119047619047616,0.4007936507936508,0.46825396825396826,939,0,0
