size,lsa,dsa
100%,0.06949048225366887,0.00477219896546611
