size,lsa,dsa
100%,0.13164316191137845,0.02245041438043372
