size,nc,KMN,NB,SNA,TKNC,TKNP,lsa,dsa
100%,1.0,0.5341785714285714,0.48214285714285715,0.5357142857142857,1.0,76,0,0
