size,nc,KMN,NB,SNA,TKNC,TKNP,lsa,dsa
100%,0.9246031746031746,0.07432142857142857,0.39285714285714285,0.4722222222222222,0.3492063492063492,81,0,0
