size,lsa,dsa
100%,0.24709160946980716,0.2517640670395009
