size,nc,KMN,NB,SNA,TKNC,TKNP,lsa,dsa
100%,1.0,0.28491666666666665,0.375,0.6666666666666666,1.0,9,0.042146616756723466,0.18069173917564363
