size,lsa,dsa
100%,0.042146616756723466,0.18069173917564363
