size,lsa,dsa
100%,0.037023652043679633,0.03962060225662988
