size,nc,KMN,NB,SNA,TKNC,TKNP,lsa,dsa
100%,0.9642857142857143,0.4427142857142857,0.42857142857142855,0.5714285714285714,0.9285714285714286,39,0,0
