size,lsa,dsa
100%,0.04850117009599159,0.03783978257088065
