size,nc,KMN,NB,SNA,TKNC,TKNP,lsa,dsa
100%,0.967741935483871,0.2419516129032258,0.39919354838709675,0.4112903225806452,0.5806451612903226,155,0,0
