size,lsa,dsa
100%,0.04465672891563421,0.14163021392384612
