size,nc,KMN,NB,SNA,TKNC,TKNP,lsa,dsa
100%,0.9722222222222222,0.2634761904761905,0.4146825396825397,0.5753968253968254,0.42063492063492064,264,0,0
