size,lsa,dsa
100%,0.7337049851914456,0.8251337597986588
