size,nc,KMN,NB,SNA,TKNC,TKNP,lsa,dsa
100%,0.9838709677419355,0.4535,0.4153225806451613,0.5645161290322581,0.6612903225806451,625,0,0
