size,lsa,dsa
100%,0.2277792748087675,0.3717142835818416
