size,nc,KMN,NB,SNA,TKNC,TKNP,lsa,dsa
100%,1.0,0.32189285714285715,0.44642857142857145,0.5714285714285714,0.8571428571428571,44,0,0
