size,nc,KMN,NB,SNA,TKNC,TKNP,lsa,dsa
100%,1.0,0.2865,0.5178571428571429,0.7857142857142857,0.8571428571428571,31,0,0
