size,lsa,dsa
100%,0.06721923954033081,0.03956120211138288
