size,lsa,dsa
100%,0.08367528896084273,0.2428130977299248
