size,nc,KMN,NB,SNA,TKNC,TKNP,lsa,dsa
100%,0.9274193548387096,0.4214435483870968,0.4032258064516129,0.532258064516129,0.5645161290322581,343,0,0
