size,nc,KMN,NB,SNA,TKNC,TKNP,lsa,dsa
100%,1.0,0.29325,0.5833333333333334,0.5833333333333334,1.0,10,0.355804978842451,0.32706767311267043
