size,lsa,dsa
100%,0.355804978842451,0.32706767311267043
