size,nc,KMN,NB,SNA,TKNC,TKNP,lsa,dsa
100%,0.9722222222222222,0.28528174603174605,0.39880952380952384,0.5396825396825397,0.39285714285714285,123,0,0
