size,lsa,dsa
100%,0.7617903641921907,0.837658719062736
