size,nc,KMN,NB,SNA,TKNC,TKNP,lsa,dsa
100%,0.8611111111111112,0.10221825396825397,0.35912698412698413,0.376984126984127,0.19444444444444445,36,0,0
