size,nc,KMN,NB,SNA,TKNC,TKNP,lsa,dsa
100%,0.9285714285714286,0.35728571428571426,0.4107142857142857,0.5,0.7857142857142857,20,0,0
