size,nc,KMN,NB,SNA,TKNC,TKNP,lsa,dsa
100%,0.9285714285714286,0.1769642857142857,0.25,0.2857142857142857,0.9642857142857143,22,0,0
