size,nc,KMN,NB,SNA,TKNC,TKNP,lsa,dsa
100%,0.8306451612903226,0.07634677419354839,0.3548387096774194,0.4032258064516129,0.23387096774193547,9,0,0
