size,nc,KMN,NB,SNA,TKNC,TKNP,lsa,dsa
100%,1.0,0.02325,0.375,0.3333333333333333,0.75,2,0,0
