size,lsa,dsa
100%,0.05228229547012399,0.19470315133126012
