size,nc,KMN,NB,SNA,TKNC,TKNP,lsa,dsa
100%,0.9758064516129032,0.4514274193548387,0.31451612903225806,0.4112903225806452,0.717741935483871,814,0,0
