size,nc,KMN,NB,SNA,TKNC,TKNP,lsa,dsa
100%,1.0,0.43774193548387097,0.3225806451612903,0.41935483870967744,0.7338709677419355,738,0,0
