size,lsa,dsa
100%,0.12202305646143473,0.0013474277089948598
