size,nc,KMN,NB,SNA,TKNC,TKNP,lsa,dsa
100%,0.9516129032258065,0.06820967741935484,0.32661290322580644,0.3870967741935484,0.3870967741935484,54,0,0
