size,lsa,dsa
100%,0.07316348149899535,0.20673017279383607
