size,nc,KMN,NB,SNA,TKNC,TKNP,lsa,dsa
100%,1.0,0.23941666666666667,0.5,0.4166666666666667,1.0,9,0,0
