size,lsa,dsa
100%,0.039512635703679425,0.04820493612812092
