size,nc,KMN,NB,SNA,TKNC,TKNP,lsa,dsa
100%,0.9801587301587301,0.4043888888888889,0.30952380952380953,0.38095238095238093,0.5873015873015873,1320,0,0
