size,lsa,dsa
100%,0.015292258789779271,0.0034623248410502287
