size,nc,KMN,NB,SNA,TKNC,TKNP,lsa,dsa
100%,0.8571428571428571,0.07942857142857143,0.42857142857142855,0.6428571428571429,0.9285714285714286,26,0,0
