size,lsa,dsa
100%,0.05963934823112797,0.17864438499039653
