size,nc,KMN,NB,SNA,TKNC,TKNP,lsa,dsa
100%,1.0,0.5357142857142857,0.48214285714285715,0.6071428571428571,0.7857142857142857,24,0,0
