size,lsa,dsa
100%,0.031148716319159095,0.04936063133147965
