size,nc,KMN,NB,SNA,TKNC,TKNP,lsa,dsa
100%,0.8467741935483871,0.020161290322580645,0.3911290322580645,0.5161290322580645,0.3064516129032258,14,0,0
