size,nc,KMN,NB,SNA,TKNC,TKNP,lsa,dsa
100%,0.873015873015873,0.01876190476190476,0.3630952380952381,0.3492063492063492,0.20238095238095238,25,0,0
