size,nc,KMN,NB,SNA,TKNC,TKNP,lsa,dsa
100%,0.8214285714285714,0.06860714285714285,0.5,0.42857142857142855,0.75,10,0,0
