size,nc,KMN,NB,SNA,TKNC,TKNP,lsa,dsa
100%,0.7833333333333333,0.015966666666666667,0.35,0.36666666666666664,0.38333333333333336,12,0,0
