size,lsa,dsa
100%,0.5437002413573669,0.03228295470465912
