size,nc,KMN,NB,SNA,TKNC,TKNP,lsa,dsa
100%,0.6785714285714286,0.1735,0.375,0.42857142857142855,0.6071428571428571,8,0,0
