size,nc,KMN,NB,SNA,TKNC,TKNP,lsa,dsa
100%,1.0,0.07966666666666666,0.3333333333333333,0.3333333333333333,1.0,4,0,0
