size,lsa,dsa
100%,0.364444668979518,0.8540496382647963
