size,nc,KMN,NB,SNA,TKNC,TKNP,lsa,dsa
100%,0.6666666666666666,0.07966666666666666,0.3333333333333333,0.3333333333333333,1.0,4,0.364444668979518,0.8540496382647963
