size,lsa,dsa
100%,0.027133292798309297,0.09264804768130383
