size,nc,KMN,NB,SNA,TKNC,TKNP,lsa,dsa
100%,0.95,0.20608333333333334,0.3,0.36666666666666664,0.75,48,0,0
