size,nc,KMN,NB,SNA,TKNC,TKNP,lsa,dsa
100%,0.9007936507936508,0.057845238095238095,0.4087301587301587,0.4722222222222222,0.25793650793650796,69,0,0
