size,lsa,dsa
100%,0.038582102617861054,0.08081210818804184
