size,nc,KMN,NB,SNA,TKNC,TKNP,lsa,dsa
100%,0.9833333333333333,0.2329,0.35,0.5166666666666667,0.7666666666666667,54,0,0
