size,lsa,dsa
100%,0.09618166573250408,0.3694396923303782
