size,nc,KMN,NB,SNA,TKNC,TKNP,lsa,dsa
100%,0.9682539682539683,0.4606706349206349,0.35714285714285715,0.45634920634920634,0.5277777777777778,1467,0,0
