size,nc,KMN,NB,SNA,TKNC,TKNP,lsa,dsa
100%,1.0,0.5073666666666666,0.4083333333333333,0.5333333333333333,0.8666666666666667,175,0,0
