size,lsa,dsa
100%,0.044656472891416,0.015836476067629123
