size,nc,KMN,NB,SNA,TKNC,TKNP,lsa,dsa
100%,0.9333333333333333,0.40903333333333336,0.4083333333333333,0.5666666666666667,0.7333333333333333,67,0,0
