size,lsa,dsa
100%,0.02892389785763591,0.04138816503522057
