size,nc,KMN,NB,SNA,TKNC,TKNP,lsa,dsa
100%,1.0,0.553,0.3333333333333333,0.4166666666666667,1.0,15,0,0
