size,lsa,dsa
100%,0.08804775129828231,0.02263260513930617
