size,nc,KMN,NB,SNA,TKNC,TKNP,lsa,dsa
100%,0.8928571428571429,0.0155,0.42857142857142855,0.5,0.8214285714285714,20,0,0
