size,lsa,dsa
100%,0.43108667160679126,0.3517590133911216
